Transaction Date,Description,Amount
09/02/2026,ACME CORP PAYROLL DIRECT DEP,7156.00
09/02/2026,AMAZON MKTPL*2K4L1,-176.08
09/02/2026,AMAZON MKTPL*2K4L1,-111.61
09/02/2026,CHEVRON 0098812,-47.93
09/03/2026,COMCAST XFINITY,-86.00
09/03/2026,PG&E WEB ONLINE,-122.88
09/03/2026,STARBUCKS STORE 0921,-11.58
09/03/2026,STARBUCKS STORE 0921,-6.55
09/03/2026,WHOLE FOODS MKT #102,-122.16
09/04/2026,DOORDASH*SUSHI RAN,-88.91
09/04/2026,TARGET T-1234,-103.43
09/04/2026,WHOLE FOODS MKT #102,-68.18
09/05/2026,ACME CORP PAYROLL DIRECT DEP,7156.00
09/05/2026,AMAZON MKTPL*2K4L1,-106.85
09/05/2026,AMAZON MKTPL*2K4L1,-62.79
09/05/2026,AMC THEATRES 2201,-41.11
09/05/2026,UNIQLO USA 1123,-130.86
09/06/2026,NETFLIX.COM,-22.99
09/06/2026,TST* NOPA KITCHEN,-136.31
09/08/2026,BAY AREA SOCCER CLUB,-404.45
09/08/2026,SPOTHERO PARKING,-14.33
09/10/2026,FASTRAK CSC,-28.73
09/12/2026,ATM WITHDRAWAL 00123,-100.00
09/12/2026,TRADER JOE'S #551,-113.49
09/13/2026,CHASE CARD AUTOPAY,-3524.08
09/14/2026,UNIQLO USA 1123,-151.99
09/15/2026,CHEVRON 0098812,-53.68
09/15/2026,STARBUCKS STORE 0921,-10.64
09/16/2026,CHIPOTLE 2231,-25.21
09/16/2026,STARBUCKS STORE 0921,-13.56
09/16/2026,STARBUCKS STORE 0921,-8.80
09/17/2026,AVALON APARTMENTS RENT,-5500.00
09/18/2026,BRIGHT HORIZONS TUITION,-3127.00
09/18/2026,SPOTIFY USA,-16.99
09/18/2026,STARBUCKS STORE 0921,-6.62
09/18/2026,ZELLE FROM J MARTINEZ RENT,3500.00
09/19/2026,AMAZON MKTPL*2K4L1,-171.37
09/19/2026,AMAZON MKTPL*2K4L1,-104.21
09/19/2026,CHIPOTLE 2231,-23.86
09/19/2026,KUMON LEARNING CTR,-180.00
09/19/2026,MR COOPER MORTGAGE PMT,-4060.00
09/19/2026,SQ *BLUE BOTTLE COFFEE,-7.86
09/19/2026,TRADER JOE'S #551,-61.70
09/20/2026,CHEVRON 0098812,-53.89
09/20/2026,DOORDASH*SUSHI RAN,-59.69
09/20/2026,WHOLE FOODS MKT #102,-124.66
09/21/2026,TARGET T-1234,-91.88
09/22/2026,NORDSTROM #0427,-66.27
09/22/2026,SQ *BLUE BOTTLE COFFEE,-8.31
09/22/2026,WHOLE FOODS MKT #102,-70.89
09/23/2026,BART CLIPPER,-6.40
09/23/2026,SQ *BLUE BOTTLE COFFEE,-8.67
09/23/2026,SQ *BLUE BOTTLE COFFEE,-6.36
09/23/2026,STARBUCKS STORE 0921,-8.51
09/24/2026,DOORDASH*SUSHI RAN,-83.13
09/25/2026,CHIPOTLE 2231,-22.31
09/25/2026,TRADER JOE'S #551,-80.20
09/26/2026,COSTCO WHSE #0144,-179.95
09/27/2026,AMAZON MKTPL*2K4L1,-65.90
09/27/2026,GEICO AUTO INSURANCE,-164.00
09/27/2026,SQ *BLUE BOTTLE COFFEE,-11.96
09/27/2026,STARBUCKS STORE 0921,-10.58
09/28/2026,CVS/PHARMACY #4432,-50.96
09/28/2026,SPOTHERO PARKING,-19.16
